{"train_correct": 41, "validation_correct": 0, "_timestamp": 1694678593.8972547, "_runtime": 510.30773758888245, "_step": 0}