{"train_correct": 107, "validation_correct": 0, "_timestamp": 1694679624.3478441, "_runtime": 1540.7583270072937, "_step": 2}