{"train_correct": 314, "train_true_positive_rate": 1.650354957713596e-05, "train_true_negative_rate": 0.9933864915818758, "train_false_negative_rate": 0.0033057555866354885, "train_false_positive_rate": 0.003291249281911637, "_timestamp": 1695108275.445954, "_runtime": 62940.26431298256, "_step": 12, "validation_correct": 34, "validation_true_positive_rate": 1.705780891441094e-05, "validation_true_negative_rate": 0.9933875905443548, "validation_false_negative_rate": 0.0033052013272982135, "validation_false_positive_rate": 0.0032901503194325567, "_wandb": {"runtime": 63101}}