{"train_correct": 480, "validation_correct": 0, "_timestamp": 1694627028.8424284, "_runtime": 23734.701406478882, "_step": 54, "_wandb": {"runtime": 23949}}