{"train_correct": 269, "train_true_positive_rate": 1.413839119824705e-05, "train_true_negative_rate": 0.993369620118773, "train_false_negative_rate": 0.0033081207450143773, "train_false_positive_rate": 0.0033081207450143773, "_timestamp": 1695020343.4781392, "_runtime": 139742.08975720406, "_step": 9, "validation_correct": 22, "validation_true_positive_rate": 1.1037405768148255e-05, "validation_true_negative_rate": 0.993366519133343, "validation_false_negative_rate": 0.003311221730444476, "validation_false_positive_rate": 0.003311221730444476, "_wandb": {"runtime": 150847}}