{"train_correct": 297, "validation_correct": 0, "_timestamp": 1694526812.66575, "_runtime": 488.11880898475647, "_step": 2, "_wandb": {"runtime": 602}}