{"train_correct": 226, "train_true_positive_rate": 1.1878350969530979e-05, "train_true_negative_rate": 0.9933797640202646, "train_false_negative_rate": 0.0033103807852430936, "train_false_positive_rate": 0.0032979768435226985, "_timestamp": 1695123367.2324977, "_runtime": 14524.025258779526, "_step": 4, "validation_correct": 23, "validation_true_positive_rate": 1.1539106030336811e-05, "validation_true_negative_rate": 0.9933760514383245, "validation_false_negative_rate": 0.0033107200301822877, "validation_false_positive_rate": 0.0033016894254628937}