{"train_correct": 260, "train_true_positive_rate": 1.3665359522469267e-05, "train_true_negative_rate": 0.993372615986053, "train_false_negative_rate": 0.003308593776690155, "train_false_positive_rate": 0.0033051248777344515, "_timestamp": 1695129339.229935, "_runtime": 20496.02269601822, "_step": 6, "validation_correct": 23, "validation_true_positive_rate": 1.1539106030336811e-05, "validation_true_negative_rate": 0.9933760514383245, "validation_false_negative_rate": 0.0033107200301822877, "validation_false_positive_rate": 0.0033016894254628937}