{"train_correct": 414, "validation_correct": 0, "_timestamp": 1694696707.2130985, "_runtime": 5094.7340586185455, "_step": 19, "_wandb": {"runtime": 5128}}