{"train_correct": 55, "validation_correct": 0, "_timestamp": 1694537444.484033, "_runtime": 10304.015924215317, "_step": 171, "_wandb": {"runtime": 10326}}