{"train_correct": 61, "validation_correct": 0, "_timestamp": 1694527208.1101856, "_runtime": 67.64207673072815, "_step": 0}